"","Bacteria; __Proteobacteria; __Betaproteobacteria; __Burkholderiales; __Comamonadaceae; __Tepidimonas","Bacteria; __Firmicutes; __Clostridia; __Clostridiales; __Christensenellaceae; __Christensenellaceae_R_7_group","Bacteria; __Bacteroidetes; __Bacteroidia; __Bacteroidales; __Prevotellaceae; __Prevotella","Bacteria; __Firmicutes; __Clostridia; __Clostridiales; __Family_XIII; __Family_XIII_AD3011_group","Bacteria; __Firmicutes; __Clostridia; __Clostridiales; __Ruminococcaceae; __Ruminiclostridium","Bacteria; __Proteobacteria; __Gammaproteobacteria; __Run_SP154; __f; __g","Bacteria; __Actinobacteria; __Actinobacteria; __Corynebacteriales; __Corynebacteriaceae; __Corynebacterium","Bacteria; __Firmicutes; __Clostridia; __Clostridiales; __Peptococcaceae; __uncultured","Bacteria; __Proteobacteria; __Gammaproteobacteria; __Pseudomonadales; __Pseudomonadaceae; __Pseudomonas","Bacteria; __Actinobacteria; __Actinobacteria; __Micrococcales; __Intrasporangiaceae; __Ornithinimicrobium","Bacteria; __Firmicutes; __Bacilli; __Lactobacillales; __Lactobacillaceae; __Lactobacillus","Bacteria; __Proteobacteria; __Alphaproteobacteria; __Rhodospirillales; __Rhodospirillaceae; __uncultured","Bacteria; __Firmicutes; __Clostridia; __Clostridiales; __Ruminococcaceae; __Oscillibacter","Bacteria; __Firmicutes; __Clostridia; __Clostridiales; __Ruminococcaceae; __Faecalibacterium","Bacteria; __Firmicutes; __Clostridia; __Clostridiales; __Lachnospiraceae; __Lachnospiraceae_FCS020_group","Bacteria; __Firmicutes; __Clostridia; __Clostridiales; __Lachnospiraceae; __Hungatella","Bacteria; __Proteobacteria; __Betaproteobacteria; __Burkholderiales; __Alcaligenaceae; __Sutterella","Bacteria; __Firmicutes; __Negativicutes; __Selenomonadales; __Veillonellaceae; __Veillonella","Bacteria; __Bacteroidetes; __Flavobacteriia; __Flavobacteriales; __Flavobacteriaceae; __Chryseobacterium","Bacteria; __Firmicutes; __Clostridia; __Clostridiales; __Lachnospiraceae; ___Ruminococcus_gauvreauii_group","Bacteria; __Firmicutes; __Clostridia; __Clostridiales; __Ruminococcaceae; __Ruminococcaceae_UCG_010","Bacteria; __Firmicutes; __Erysipelotrichia; __Erysipelotrichales; __Erysipelotrichaceae; __Faecalitalea","Bacteria; __Firmicutes; __Clostridia; __Clostridiales; __Clostridiales_vadinBB60_group; __g","Bacteria; __Firmicutes; __Clostridia; __Clostridiales; __Lachnospiraceae; __Lactonifactor","Bacteria; __Firmicutes; __Clostridia; __Clostridiales; __Christensenellaceae; __uncultured","Bacteria; __Firmicutes; __Clostridia; __Clostridiales; __Lachnospiraceae; __Lachnospiraceae_UCG_001","Bacteria; __Firmicutes; __Clostridia; __Clostridiales; __Ruminococcaceae; __Ruminococcaceae_UCG_003","Bacteria; __Firmicutes; __Clostridia; __Clostridiales; __Lachnospiraceae; __Blautia","Bacteria; __Firmicutes; __Bacilli; __Bacillales; __Family_XI; __Gemella","Bacteria; __Fusobacteria; __Fusobacteriia; __Fusobacteriales; __Leptotrichiaceae; __Leptotrichia","Bacteria; __Actinobacteria; __Actinobacteria; __Bifidobacteriales; __Bifidobacteriaceae; __Alloscardovia","Bacteria; __Deinococcus_Thermus; __Deinococci; __Thermales; __Thermaceae; __Thermus","Bacteria; __Bacteroidetes; __Sphingobacteriia; __Sphingobacteriales; __Sphingobacteriaceae; __Sphingobacterium","Bacteria; __Actinobacteria; __Coriobacteriia; __Coriobacteriales; __Coriobacteriaceae; __Collinsella","Bacteria; __Bacteroidetes; __Bacteroidia; __Bacteroidales; __Bacteroidaceae; __Bacteroides","Bacteria; __Firmicutes; __Clostridia; __Clostridiales; __Lachnospiraceae; __uncultured","Bacteria; __Bacteroidetes; __Bacteroidia; __Bacteroidales; __Porphyromonadaceae; __Porphyromonas","Bacteria; __Firmicutes; __Clostridia; __Clostridiales; __Ruminococcaceae; __Butyricicoccus","Bacteria; __Firmicutes; __Bacilli; __Lactobacillales; __Streptococcaceae; __Streptococcus","Bacteria; __Firmicutes; __Clostridia; __Clostridiales; __Peptostreptococcaceae; __Intestinibacter","Bacteria; __Bacteroidetes; __Bacteroidia; __Bacteroidales; __Prevotellaceae; __Paraprevotella","Bacteria; __Firmicutes; __Clostridia; __Clostridiales; __Ruminococcaceae; __uncultured","Bacteria; __Firmicutes; __Clostridia; __Clostridiales; __Lachnospiraceae; ___Eubacterium_hallii_group","Bacteria; __Firmicutes; __Clostridia; __Clostridiales; __Ruminococcaceae; __Ruminococcaceae_NK4A214_group","Bacteria; __Bacteroidetes; __Bacteroidia; __Bacteroidales; __Rikenellaceae; __Alistipes","Bacteria; __Firmicutes; __Erysipelotrichia; __Erysipelotrichales; __Erysipelotrichaceae; __Catenisphaera","Bacteria; __Fusobacteria; __Fusobacteriia; __Fusobacteriales; __Fusobacteriaceae; __Fusobacterium","Bacteria; __Actinobacteria; __Actinobacteria; __Bifidobacteriales; __Bifidobacteriaceae; __Bifidobacterium","Bacteria; __Firmicutes; __Clostridia; __Clostridiales; __Ruminococcaceae; __Subdoligranulum","Bacteria; __Firmicutes; __Clostridia; __Clostridiales; __Lachnospiraceae; __Coprococcus","Bacteria; __Bacteroidetes; __Bacteroidia; __Bacteroidales; __Porphyromonadaceae; __Odoribacter","Bacteria; __Firmicutes; __Bacilli; __Lactobacillales; __Aerococcaceae; __Abiotrophia","Bacteria; __Actinobacteria; __Actinobacteria; __Actinomycetales; __Actinomycetaceae; __Actinomyces","Bacteria; __Firmicutes; __Clostridia; __Clostridiales; __Defluviitaleaceae; __Defluviitaleaceae_UCG_011","Bacteria; __Proteobacteria; __Gammaproteobacteria; __Pseudomonadales; __Moraxellaceae; __Acinetobacter","Bacteria; __Bacteroidetes; __Flavobacteriia; __Flavobacteriales; __Flavobacteriaceae; __Capnocytophaga","Bacteria; __Firmicutes; __Clostridia; __Clostridiales; __Family_XI; __Anaerococcus","Bacteria; __Firmicutes; __Clostridia; __Clostridiales; __Ruminococcaceae; __Ruminococcaceae_UCG_014","Bacteria; __Firmicutes; __Clostridia; __Clostridiales; __Lachnospiraceae; __Roseburia","Bacteria; __Firmicutes; __Clostridia; __Clostridiales; __Ruminococcaceae; __Candidatus_Soleaferrea","Bacteria; __Proteobacteria; __Alphaproteobacteria; __Rhodospirillales; __Rhodospirillaceae; __Defluviicoccus","Bacteria; __Firmicutes; __Clostridia; __Clostridiales; __Ruminococcaceae; __Ruminococcus","Bacteria; __Firmicutes; __Erysipelotrichia; __Erysipelotrichales; __Erysipelotrichaceae; ___Clostridium_innocuum_group","Bacteria; __Bacteroidetes; __Bacteroidia; __Bacteroidales; __Porphyromonadaceae; __Tannerella","Bacteria; __Firmicutes; __Clostridia; __Clostridiales; __Ruminococcaceae; __Anaerotruncus","Bacteria; __Firmicutes; __Clostridia; __Clostridiales; __Family_XIII; ___Eubacterium_brachy_group","Bacteria; __Firmicutes; __Clostridia; __Clostridiales; __Peptostreptococcaceae; __Romboutsia","Bacteria; __Firmicutes; __Clostridia; __Clostridiales; __Eubacteriaceae; __Anaerofustis","Bacteria; __Firmicutes; __Clostridia; __Clostridiales; __Lachnospiraceae; ___Eubacterium_xylanophilum_group","Bacteria; __Firmicutes; __Clostridia; __Clostridiales; __Lachnospiraceae; __Lachnospiraceae_NK4A136_group","Bacteria; __Firmicutes; __Clostridia; __Clostridiales; __Peptococcaceae; __Peptococcus","Bacteria; __Proteobacteria; __Alphaproteobacteria; __Rhizobiales; __Brucellaceae; __Ochrobactrum","Bacteria; __Bacteroidetes; __Bacteroidia; __Bacteroidales; __Porphyromonadaceae; __Butyricimonas","Bacteria; __Actinobacteria; __Actinobacteria; __Micrococcales; __Micrococcaceae; __Rothia","Bacteria; __Firmicutes; __Erysipelotrichia; __Erysipelotrichales; __Erysipelotrichaceae; __Solobacterium","Bacteria; __Cyanobacteria; __Melainabacteria; __Gastranaerophilales; __f; __g","Bacteria; __Proteobacteria; __Deltaproteobacteria; __Desulfovibrionales; __Desulfovibrionaceae; __Desulfovibrio","Bacteria; __Firmicutes; __Clostridia; __Clostridiales; __Ruminococcaceae; __Ruminococcaceae_UCG_013","Bacteria; __Acidobacteria; __Subgroup_6; __o; __f; __g","Bacteria; __Synergistetes; __Synergistia; __Synergistales; __Synergistaceae; __Jonquetella","Bacteria; __Actinobacteria; __Coriobacteriia; __Coriobacteriales; __Coriobacteriaceae; __Atopobium","Bacteria; __Proteobacteria; __Alphaproteobacteria; __Rhizobiales; __Methylobacteriaceae; __Methylobacterium","Bacteria; __Tenericutes; __Mollicutes; __Mollicutes_RF9; __f; __g","Bacteria; __Actinobacteria; __Actinobacteria; __Micromonosporales; __Micromonosporaceae; __Plantactinospora","Bacteria; __Actinobacteria; __Actinobacteria; __Bifidobacteriales; __Bifidobacteriaceae; __Scardovia","Bacteria; __Firmicutes; __Clostridia; __Clostridiales; __Lachnospiraceae; __Lachnoanaerobaculum","Bacteria; __Firmicutes; __Negativicutes; __Selenomonadales; __Acidaminococcaceae; __Phascolarctobacterium","Bacteria; __Bacteroidetes; __Bacteroidia; __Bacteroidales; __Bacteroidales_S24_7_group; __g","Bacteria; __Actinobacteria; __Coriobacteriia; __Coriobacteriales; __Coriobacteriaceae; __uncultured","Bacteria; __Firmicutes; __Clostridia; __Clostridiales; __Family_XIII; __Family_XIII_UCG_001","Bacteria; __Firmicutes; __Clostridia; __Clostridiales; __Lachnospiraceae; __Tyzzerella","Bacteria; __Firmicutes; __Clostridia; __Clostridiales; __Family_XIII; ___Eubacterium_nodatum_group","Bacteria; __Firmicutes; __Clostridia; __Clostridiales; __Family_XIII; __uncultured","Bacteria; __Proteobacteria; __Gammaproteobacteria; __Pseudomonadales; __Moraxellaceae; __Enhydrobacter","Bacteria; __Firmicutes; __Erysipelotrichia; __Erysipelotrichales; __Erysipelotrichaceae; __Erysipelatoclostridium","Bacteria; __Proteobacteria; __Betaproteobacteria; __Burkholderiales; __Alcaligenaceae; __Parasutterella","Bacteria; __Bacteroidetes; __Bacteroidia; __Bacteroidales; __Prevotellaceae; __Alloprevotella","Bacteria; __Firmicutes; __Negativicutes; __Selenomonadales; __Veillonellaceae; __Selenomonas","Bacteria; __Firmicutes; __Negativicutes; __Selenomonadales; __Veillonellaceae; __Megasphaera","Bacteria; __Firmicutes; __Clostridia; __Clostridiales; __Lachnospiraceae; __Dorea","Bacteria; __Firmicutes; __Bacilli; __Lactobacillales; __Carnobacteriaceae; __Atopostipes","Bacteria; __Firmicutes; __Erysipelotrichia; __Erysipelotrichales; __Erysipelotrichaceae; __uncultured","Bacteria; __Firmicutes; __Clostridia; __Clostridiales; __Ruminococcaceae; ___Eubacterium_coprostanoligenes_group","Bacteria; __Bacteroidetes; __Bacteroidia; __Bacteroidales; __Porphyromonadaceae; __Dysgonomonas","Archaea; __Euryarchaeota; __Methanobacteria; __Methanobacteriales; __Methanobacteriaceae; __Methanobacterium","Bacteria; __Proteobacteria; __Betaproteobacteria; __Neisseriales; __Neisseriaceae; __Eikenella","Bacteria; __Firmicutes; __Negativicutes; __Selenomonadales; __Veillonellaceae; __uncultured","Bacteria; __Bacteroidetes; __Sphingobacteriia; __Sphingobacteriales; __Chitinophagaceae; __Hydrotalea","Bacteria; __Proteobacteria; __Alphaproteobacteria; __Rhizobiales; __Rhizobiaceae; __Rhizobium","Bacteria; __Proteobacteria; __Gammaproteobacteria; __Cardiobacteriales; __Cardiobacteriaceae; __Cardiobacterium","Bacteria; __Proteobacteria; __Alphaproteobacteria; __Caulobacterales; __Caulobacteraceae; __Caulobacter","Bacteria; __Firmicutes; __Clostridia; __Clostridiales; __Ruminococcaceae; __Ruminococcaceae_UCG_002","Bacteria; __Bacteroidetes; __Bacteroidia; __Bacteroidales; __Porphyromonadaceae; __Barnesiella","Bacteria; __Proteobacteria; __Alphaproteobacteria; __Caulobacterales; __Caulobacteraceae; __Phenylobacterium","Bacteria; __Firmicutes; __Clostridia; __Clostridiales; __Lachnospiraceae; __g","Bacteria; __Firmicutes; __Clostridia; __Clostridiales; __Family_XI; __Parvimonas","Bacteria; __Firmicutes; __Bacilli; __Lactobacillales; __Streptococcaceae; __Lactococcus","Bacteria; __Firmicutes; __Clostridia; __Clostridiales; __Lachnospiraceae; __Oribacterium","Bacteria; __Firmicutes; __Clostridia; __Clostridiales; __Peptostreptococcaceae; __Peptostreptococcus","Bacteria; __Firmicutes; __Clostridia; __Clostridiales; __Lachnospiraceae; __Lachnospiraceae_UCG_008","Bacteria; __Cyanobacteria; __Chloroplast; __o; __f; __g","Bacteria; __Proteobacteria; __Betaproteobacteria; __Burkholderiales; __Comamonadaceae; __Acidovorax","Bacteria; __Firmicutes; __Negativicutes; __Selenomonadales; __Veillonellaceae; __Dialister","Bacteria; __Firmicutes; __Bacilli; __Bacillales; __Family_X; __Thermicanus","Bacteria; __Firmicutes; __Bacilli; __Bacillales; __Staphylococcaceae; __Staphylococcus","Bacteria; __Firmicutes; __Clostridia; __Clostridiales; __Lachnospiraceae; __Anaerostipes","Bacteria; __Firmicutes; __Negativicutes; __Selenomonadales; __Acidaminococcaceae; __Acidaminococcus","Bacteria; __Proteobacteria; __Epsilonproteobacteria; __Campylobacterales; __Campylobacteraceae; __Campylobacter","Bacteria; __Deinococcus_Thermus; __Deinococci; __Deinococcales; __Deinococcaceae; __Deinococcus","Bacteria; __Firmicutes; __Clostridia; __Clostridiales; __Lachnospiraceae; __Lachnospira","Bacteria; __Firmicutes; __Clostridia; __Clostridiales; __Lachnospiraceae; __Lachnoclostridium","Bacteria; __Bacteroidetes; __Flavobacteriia; __Flavobacteriales; __Flavobacteriaceae; __Cloacibacterium","Bacteria; __Proteobacteria; __Gammaproteobacteria; __Pasteurellales; __Pasteurellaceae; __Haemophilus","Bacteria; __Proteobacteria; __Gammaproteobacteria; __Enterobacteriales; __Enterobacteriaceae; __Morganella","Bacteria; __Proteobacteria; __Deltaproteobacteria; __Myxococcales; __Haliangiaceae; __Haliangium","Bacteria; __Proteobacteria; __Gammaproteobacteria; __Pasteurellales; __Pasteurellaceae; __Aggregatibacter","Bacteria; __Firmicutes; __Clostridia; __Clostridiales; __Clostridiaceae_1; __Caloramator","Bacteria; __Bacteroidetes; __Sphingobacteriia; __Sphingobacteriales; __PHOS_HE51; __g","Bacteria; __Firmicutes; __Clostridia; __Clostridiales; __Eubacteriaceae; __Eubacterium","Bacteria; __Firmicutes; __Clostridia; __Clostridiales; __Lachnospiraceae; __Catonella","Bacteria; __Proteobacteria; __Gammaproteobacteria; __Xanthomonadales; __Xanthomonadaceae; __Stenotrophomonas","Bacteria; __Proteobacteria; __Gammaproteobacteria; __Xanthomonadales; __Xanthomonadaceae; __Lysobacter","Bacteria; __Firmicutes; __Erysipelotrichia; __Erysipelotrichales; __Erysipelotrichaceae; __Erysipelotrichaceae_UCG_010","Bacteria; __Firmicutes; __Clostridia; __Clostridiales; __Ruminococcaceae; __Ruminococcaceae_UCG_004","Bacteria; __Proteobacteria; __Gammaproteobacteria; __Enterobacteriales; __Enterobacteriaceae; __Proteus","Bacteria; __Proteobacteria; __Gammaproteobacteria; __Enterobacteriales; __Enterobacteriaceae; __Citrobacter","Bacteria; __Firmicutes; __Clostridia; __Clostridiales; __Lachnospiraceae; __Stomatobaculum","Bacteria; __Bacteroidetes; __Bacteroidia; __Bacteroidales; __Porphyromonadaceae; __Parabacteroides","Bacteria; __Bacteroidetes; __Bacteroidia; __Bacteroidales; __Porphyromonadaceae; __Proteiniphilum","Bacteria; __Proteobacteria; __Deltaproteobacteria; __Bdellovibrionales; __Bdellovibrionaceae; __Bdellovibrio","Bacteria; __Actinobacteria; __Thermoleophilia; __Solirubrobacterales; __Solirubrobacteraceae; __Solirubrobacter","Bacteria; __Firmicutes; __Negativicutes; __Selenomonadales; __Veillonellaceae; __Allisonella","Bacteria; __Firmicutes; __Erysipelotrichia; __Erysipelotrichales; __Erysipelotrichaceae; __Turicibacter","Bacteria; __Firmicutes; __Bacilli; __Bacillales; __Bacillaceae; __Bacillus","Bacteria; __Firmicutes; __Clostridia; __Clostridiales; __Lachnospiraceae; __Fusicatenibacter","Bacteria; __Acidobacteria; __Blastocatellia; __Blastocatellales; __Blastocatellaceae_Subgroup_4_; __DS","Bacteria; __Firmicutes; __Clostridia; __Clostridiales; __Family_XIII; __Mogibacterium","Bacteria; __Firmicutes; __Erysipelotrichia; __Erysipelotrichales; __Erysipelotrichaceae; __Dielma","Bacteria; __Firmicutes; __Clostridia; __Clostridiales; __Lachnospiraceae; __Johnsonella","Bacteria; __Bacteroidetes; __Bacteroidia; __Bacteroidales; __Prevotellaceae; __uncultured","Bacteria; __Firmicutes; __Erysipelotrichia; __Erysipelotrichales; __Erysipelotrichaceae; __Catenibacterium","Bacteria; __Actinobacteria; __Coriobacteriia; __Coriobacteriales; __Coriobacteriaceae; __Adlercreutzia","Bacteria; __Firmicutes; __Clostridia; __Clostridiales; __Lachnospiraceae; __Shuttleworthia","Bacteria; __Actinobacteria; __Actinobacteria; __Micrococcales; __Microbacteriaceae; __Pseudoclavibacter","Bacteria; __Verrucomicrobia; __Verrucomicrobiae; __Verrucomicrobiales; __Verrucomicrobiaceae; __Akkermansia","Bacteria; __Firmicutes; __Clostridia; __Clostridiales; __Ruminococcaceae; __Flavonifractor","Bacteria; __Actinobacteria; __Coriobacteriia; __Coriobacteriales; __Coriobacteriaceae; __Eggerthella","Bacteria; __Firmicutes; __Bacilli; __Lactobacillales; __Carnobacteriaceae; __Granulicatella","Bacteria; __Firmicutes; __Erysipelotrichia; __Erysipelotrichales; __Erysipelotrichaceae; __Candidatus_Stoquefichus","Bacteria; __Firmicutes; __Clostridia; __Clostridiales; __Lachnospiraceae; __Lachnospiraceae_ND3007_group","Bacteria; __Proteobacteria; __Deltaproteobacteria; __Desulfovibrionales; __Desulfovibrionaceae; __Bilophila","Bacteria; __Firmicutes; __Clostridia; __Clostridiales; __Ruminococcaceae; __Ruminococcaceae_UCG_005","Bacteria; __Proteobacteria; __Betaproteobacteria; __Burkholderiales; __Oxalobacteraceae; __Herminiimonas","Archaea; __Euryarchaeota; __Methanobacteria; __Methanobacteriales; __Methanobacteriaceae; __Methanobrevibacter","Bacteria; __Firmicutes; __Clostridia; __Clostridiales; __Clostridiaceae_1; __Clostridium_sensu_stricto","Bacteria; __Proteobacteria; __Gammaproteobacteria; __Xanthomonadales; __uncultured; __g","Bacteria; __Firmicutes; __Clostridia; __Clostridiales; __Lachnospiraceae; ___Eubacterium_rectale_group","Bacteria; __Actinobacteria; __Coriobacteriia; __Coriobacteriales; __Coriobacteriaceae; __Slackia","Bacteria; __Proteobacteria; __Alphaproteobacteria; __Rhizobiales; __Hyphomicrobiaceae; __Devosia","Bacteria; __Firmicutes; __Clostridia; __Clostridiales; __Lachnospiraceae; __Lachnospiraceae_UCG_010","Bacteria; __Proteobacteria; __Gammaproteobacteria; __Enterobacteriales; __Enterobacteriaceae; __Hafnia_Obesumbacterium","Bacteria; __Firmicutes; __Clostridia; __Clostridiales; __Lachnospiraceae; ___Eubacterium_ventriosum_group","Bacteria; __Firmicutes; __Erysipelotrichia; __Erysipelotrichales; __Erysipelotrichaceae; __Holdemania","Bacteria; __Firmicutes; __Erysipelotrichia; __Erysipelotrichales; __Erysipelotrichaceae; __Holdemanella","Bacteria; __Proteobacteria; __Gammaproteobacteria; __Enterobacteriales; __Enterobacteriaceae; __Escherichia_Shigella","Bacteria; __Proteobacteria; __Alphaproteobacteria; __Rhizobiales; __Bradyrhizobiaceae; __Rhodopseudomonas","Bacteria; __Firmicutes; __Clostridia; __Clostridiales; __Lachnospiraceae; ___Ruminococcus_gnavus_group","Bacteria; __Proteobacteria; __Gammaproteobacteria; __Xanthomonadales; __Xanthomonadaceae; __Pseudoxanthomonas","Bacteria; __Firmicutes; __Clostridia; __Clostridiales; __Lachnospiraceae; __Epulopiscium","Bacteria; __Firmicutes; __Clostridia; __Clostridiales; __Lachnospiraceae; ___Eubacterium_eligens_group","Bacteria; __Actinobacteria; __Actinobacteria; __Corynebacteriales; __Corynebacteriaceae; __Lawsonella","Bacteria; __Firmicutes; __Erysipelotrichia; __Erysipelotrichales; __Erysipelotrichaceae; __Erysipelotrichaceae_UCG_003","Bacteria; __Firmicutes; __Clostridia; __Thermoanaerobacterales; __Family_III; __Thermoanaerobacterium","Bacteria; __Bacteroidetes; __Sphingobacteriia; __Sphingobacteriales; __Saprospiraceae; __uncultured"
"X206703",0.0,0.0005877167205406994,0.0001763150161622098,0.0,0.002468410226270937,0.0,0.0,0.0,5.877167205406994e-05,0.0,0.0012929767851895385,0.0,0.0,0.05130766970320306,0.0,5.877167205406994e-05,0.0,0.005994710549515133,0.0,0.00011754334410813987,0.0,5.877167205406994e-05,0.0,5.877167205406994e-05,0.00011754334410813987,0.0004701733764325595,0.00011754334410813987,0.01892447840141052,0.0004701733764325595,0.0,0.0,0.0,0.0,0.0001763150161622098,0.4364972083455774,0.0032912136350279164,0.0,0.0007052600646488392,0.008521892447840141,0.0015280634734058183,0.0,0.003643843667352336,0.015398178078166324,0.0011754334410813989,0.006112253893623273,0.0,0.000999118424919189,0.0006464883925947693,0.014928004701733765,0.002585953570379077,0.0,0.0,5.877167205406994e-05,5.877167205406994e-05,0.00011754334410813987,0.0,5.877167205406994e-05,0.0,0.005994710549515133,0.0,0.0,0.006582427270055833,0.0003526300323244196,0.0,0.0,0.00011754334410813987,0.0002938583602703497,0.0,0.001057890096973259,0.004114017043784896,0.0,0.0,0.0,5.877167205406994e-05,0.0,0.0,0.0,0.0004701733764325595,0.0,0.0,0.0001763150161622098,5.877167205406994e-05,0.0,0.0,0.0,0.0,0.0,0.0,0.0,0.0,5.877167205406994e-05,0.0,0.0,5.877167205406994e-05,5.877167205406994e-05,0.00887452248016456,0.0,0.0,0.013282397884219806,0.002585953570379077,0.0,0.0,0.0011754334410813989,0.0,0.0,0.00023508668821627975,0.0,0.0,5.877167205406994e-05,5.877167205406994e-05,0.0,0.0001763150161622098,0.0,0.0,0.0,0.0002938583602703497,0.0,0.0,0.0,0.03097267117249486,0.0,0.0,0.015868351454598882,0.0,0.0001763150161622098,0.015692036438436672,0.0,0.0,0.0,0.0033499853070819863,0.008051719071407582,0.0,0.034087569791360565,0.0,0.0,0.0,0.0,0.0,0.0,0.0,0.0,0.0,0.0,0.0001763150161622098,0.0,0.0,0.0,0.0989127240669997,0.0,0.0,0.0,0.0005877167205406994,0.00023508668821627975,0.0,0.0031736702909197765,0.0,0.0,5.877167205406994e-05,0.0,0.0,0.0,0.0,0.0,0.0,0.002115780193946518,0.010049955921245959,0.0,0.00011754334410813987,0.0,0.0003526300323244196,0.007170143990596532,0.0003526300323244196,0.0,0.0,0.0003526300323244196,0.0,0.12365559800176315,0.0,0.0,0.0,0.0,0.001939465177784308,0.00041140170437848955,0.0,0.008404349103732,0.00011754334410813987,0.006758742286218043,0.0,0.0,0.001880693505730238,0.0,0.0,0.0,0.0
"X206752",0.0,0.0007497857754927164,0.0,3.570408454727221e-05,0.0021065409882890605,0.0,0.0,0.0006426735218508997,7.140816909454442e-05,0.0,0.003606112539274493,3.570408454727221e-05,0.0,0.2101899457297915,0.0,0.0,0.006283918880319908,0.0021065409882890605,0.0,3.570408454727221e-05,0.0,0.0,0.001178234790059983,3.570408454727221e-05,0.000499857183661811,0.0009283061982290774,0.005891173950299915,0.007962010854041702,0.0,0.0,3.570408454727221e-05,0.0,0.0,0.00014281633818908883,0.3306555269922879,0.006176806626678092,0.0,0.0007140816909454442,0.014460154241645245,0.001035418451870894,0.0,0.00403456155384176,0.00485575549842902,0.0004641530991145387,0.08526135389888603,0.0009640102827763496,0.00021422450728363326,0.001178234790059983,0.02634961439588689,0.008783204798628963,0.0,0.0,3.570408454727221e-05,0.0,0.00017852042273636104,0.0,0.0,0.0,0.004748643244787204,0.0,0.0,0.024171665238503285,0.0,0.0,7.140816909454442e-05,7.140816909454442e-05,0.00014281633818908883,3.570408454727221e-05,0.0,0.004784347329334476,0.0,0.0,0.0,0.0,0.0,0.0,0.0,0.0004641530991145387,0.0,0.0,0.0,0.0,0.001178234790059983,0.0,0.00010711225364181663,0.0,0.0,0.0,3.570408454727221e-05,0.0,0.00010711225364181663,7.140816909454442e-05,7.140816909454442e-05,0.0,3.570408454727221e-05,0.0006069694373036275,0.0,0.0,0.03406169665809768,0.004320194230219937,0.0,0.0,0.00403456155384176,0.0,0.0,0.0,0.0,0.0,0.0,0.0,0.0,0.0005712653527563553,0.0,0.0,0.0,3.570408454727221e-05,0.0,0.0,0.0,0.013281919451585262,0.0,3.570408454727221e-05,0.01924450157097972,0.0,3.570408454727221e-05,0.001713796058269066,0.0,0.0,0.0,0.0,0.00242787774921451,0.0,0.0014638674664381604,0.0,0.0,0.0,0.0,0.0,0.0,0.0,0.0,0.0,0.0,0.00021422450728363326,0.0,3.570408454727221e-05,0.0,0.048878891745215654,0.0,0.0,0.0,0.0003927449300199943,0.0,0.0,0.004427306483861753,0.0,3.570408454727221e-05,0.0,0.0,0.0,0.0003570408454727221,0.0,0.0,0.0,0.04691516709511568,0.0030348471865181375,0.0,0.00014281633818908883,0.0,0.00014281633818908883,0.0057483576121108255,0.0023207654955726934,0.0,0.0,0.00021422450728363326,0.0,0.03452584975721223,0.0,0.0,0.0,3.570408454727221e-05,0.0005355612682090831,0.00021422450728363326,0.0,0.0002499285918309055,0.0,0.002356469580119966,0.0,0.0,0.0033561839474435876,3.570408454727221e-05,0.0,0.0,0.0
"X206710",0.0,0.0,0.05520749917565594,0.0,0.0016957934900372132,0.0,0.0,0.0,0.0002355268736162796,4.710537472325592e-05,0.0,0.0,0.0,0.27179801215318666,0.0,0.0,0.0,0.0014602666164209336,0.0,0.0008478967450186066,0.0,0.0004239483725093033,0.0,0.0,0.0,0.00037684299778604737,0.0,0.011964765179707005,0.0022139526119930282,0.0,0.0,0.0,0.0,0.003674219228413962,0.3275707758255217,0.0008950021197418626,0.0,4.710537472325592e-05,0.005040275095388384,0.0015544773658674456,0.0,0.000612369871402327,0.008149229827123275,0.0005181591219558152,0.0035329031042441944,0.0,0.0005181591219558152,0.006265014838193038,0.0034386923547976823,0.004098167600923265,9.421074944651184e-05,0.0,4.710537472325592e-05,0.0,4.710537472325592e-05,0.0,0.0,0.0,0.0007536859955720947,0.0,0.0,0.0,0.00028263224833953557,0.0,0.0,0.0,0.0,0.0,0.00032973762306279144,0.0,0.0,0.0,0.0,0.0,0.0,0.0,0.0,0.00014131612416976778,0.0,0.0,9.421074944651184e-05,0.0,0.0,0.0,0.0,0.0,0.0,0.0,0.0,0.0,0.009185548071034905,4.710537472325592e-05,0.0,0.0,0.00014131612416976778,0.0,0.0,0.0,0.0,0.008714494323802346,0.0,0.0,0.0,0.0,0.0,0.0,0.0,0.0,0.0,0.0,0.0,0.00018842149889302368,0.0,0.0,0.0,0.0008950021197418626,0.0,0.0,9.421074944651184e-05,0.0015073719911441895,0.0,0.0,0.049036695086909415,0.0,9.421074944651184e-05,0.09444627632012813,0.0,0.0,0.0,0.0,0.0010363182439116303,0.0,0.0010834236186348862,0.0,0.0,0.0,0.0,0.0,0.0,0.0,0.0,0.0,0.0,0.0005181591219558152,0.0,0.0,0.0,0.0,0.0,0.0,0.0,0.0,0.0,0.0,0.007442649206274436,0.0,0.0,0.0,0.0,0.0,0.0,0.0,0.0,0.0,0.0,0.006265014838193038,4.710537472325592e-05,0.0016486881153139573,0.0,0.0023081633614395404,0.007112911583211644,0.0004239483725093033,0.0,0.0,0.0,0.0,0.04343115549484196,9.421074944651184e-05,0.0,0.0,0.0,0.0008478967450186066,0.00014131612416976778,0.0,0.00014131612416976778,0.0,0.03349192142823496,0.0,0.0,0.0007065806208488389,0.0,0.014932403787272128,0.0,0.0
"X206718",0.0,6.192717364379489e-05,6.192717364379489e-05,0.00012385434728758978,0.0010527619519445132,0.0,0.0,0.0,0.0,0.0,6.192717364379489e-05,0.0,0.0,0.21086202625712164,0.0,0.0,6.192717364379489e-05,0.0025390141193955907,0.0,0.00030963586821897447,0.0,0.0009289076046569235,0.0,0.0,0.0,0.00012385434728758978,0.0,0.0008669804310131286,0.0,0.0,0.0,0.0,0.0,0.0,0.5185162249194947,0.007431260837255388,0.0,0.00012385434728758978,0.0003715630418627694,0.0017339608620262571,0.0,6.192717364379489e-05,0.007617042358186772,0.00030963586821897447,0.0003715630418627694,0.0,0.0,0.0003715630418627694,0.0008050532573693337,0.0021674510775328212,0.0,0.0,6.192717364379489e-05,0.0,0.0,0.0,0.0,0.0,0.024213524894723806,0.0,0.0,0.00619271736437949,0.0001857815209313847,0.0,0.0,0.0,6.192717364379489e-05,0.0,0.000557344562794154,0.045206836759970274,0.0,0.0,0.0,0.0,0.0,0.0,0.0,0.0,0.0,0.0,0.0,0.0,0.0,0.0,0.0,0.0,0.0,0.0,0.0,0.0,0.0,0.0,0.0,0.0,0.0,0.003653703244983899,0.0,0.0,0.0,0.004892246717859797,0.0,0.0,0.0,0.0,0.0,0.0,0.0,6.192717364379489e-05,0.0,0.0,0.0,0.000557344562794154,0.0,0.0,0.0,0.0,0.0,0.0,0.0,0.004025266286846668,0.0,0.0,0.00012385434728758978,0.0,0.00012385434728758978,0.033564528114936834,0.0,0.0,0.0,0.001176616299232103,0.001795888035670052,0.0,0.00030963586821897447,0.0,0.0,0.0,0.0,0.0,0.0,0.0,0.0,0.0,0.0,0.0001857815209313847,0.0,0.0,0.0,0.0,0.0,0.0,0.0,0.0,0.0,0.0,0.016162992321030467,0.0,0.0,0.0,0.0,0.0,0.0,0.0,0.0,0.0,6.192717364379489e-05,0.00024770869457517957,6.192717364379489e-05,6.192717364379489e-05,0.0,6.192717364379489e-05,0.002972504334902155,0.0,0.0,0.0,0.00012385434728758978,0.0,0.05505325736933366,0.0,0.0,0.0,0.0,0.0,6.192717364379489e-05,0.0,0.0001857815209313847,0.0,0.03059202378003468,0.0,0.0,0.006626207579886054,0.0,0.0038394847659152837,0.0,0.0
"X206725",0.0,0.0,0.00045122960066180343,0.00011280740016545086,0.00045122960066180343,0.0,0.0,0.0,0.0,0.0,0.0,0.0,0.0,0.3442505828382342,0.0,0.0,0.0,0.0025193652703617356,0.0,0.0,0.0,0.0006392419342708882,0.0,3.760246672181695e-05,0.0,0.00033842220049635255,0.0006768444009927051,0.018688425960743025,0.0,0.0,0.0,0.0,0.0,0.0,0.29589381063397757,0.009062194479957885,0.0,0.0007896518011581559,0.00022561480033090172,0.0033466195382417085,0.0,0.00011280740016545086,0.027336993306760923,0.0,0.0041362713393998645,0.0,0.020568549296833872,0.00018801233360908476,0.011280740016545086,7.52049334436339e-05,0.0,0.0,0.0,0.0,0.0,0.0,0.0003760246672181695,0.0007896518011581559,0.006204407009099797,7.52049334436339e-05,0.0,0.0004888320673836204,3.760246672181695e-05,0.0,0.0,0.0008272542678799729,0.0,0.0001504098668872678,0.0,0.0025945702038053698,7.52049334436339e-05,0.0,0.0,0.0,0.0,0.0,0.00018801233360908476,0.0,0.0,0.0,0.0,0.0,0.0,0.0,0.0,0.0,0.0,0.0,0.0,0.0,0.0012032789350981425,0.0,0.0,0.0,3.760246672181695e-05,0.0,0.0,0.0,0.0,0.0025945702038053698,0.0,0.0,0.0,0.0,0.0,0.00011280740016545086,0.0,0.0,0.0,0.0,0.0,0.0014288937354290441,0.0,0.0,0.0,0.0028577874708580883,0.0,0.0,3.760246672181695e-05,0.05377152741219824,0.0,0.0,0.004775513273670753,0.0,3.760246672181695e-05,0.033090170715198916,0.0,0.0009024592013236069,0.0,0.005941189742047079,0.002406557870196285,0.0,0.00011280740016545086,0.0,0.0,0.0,0.0,0.0,0.0,0.0,0.0,0.0,0.0,0.00018801233360908476,0.0,3.760246672181695e-05,0.0,0.0,0.0,0.0,0.0,0.0,0.0001504098668872678,0.0,0.006242009475821614,0.0,0.0,0.0,0.0,0.0,0.0,3.760246672181695e-05,0.0,0.0,0.0,0.0006768444009927051,3.760246672181695e-05,3.760246672181695e-05,3.760246672181695e-05,0.0025945702038053698,0.0,0.0,0.0,0.0,0.0008272542678799729,0.0,0.1064901857561856,0.0,0.0,0.0,0.0,0.00011280740016545086,3.760246672181695e-05,0.0,0.00925020681356697,0.0,0.007558095811085208,0.0,0.0,0.0008648567346017899,0.0,0.0025193652703617356,0.0,0.0
"X206729",6.578081831337982e-05,0.0,0.024338902775950532,0.0,0.0,0.0,0.0006578081831337982,0.0,0.0004604657281936587,0.0,0.0,0.0,0.0,0.0004604657281936587,0.0,0.0,6.578081831337982e-05,0.044336271543217995,0.0,0.0,0.0,0.0,0.0,0.0,0.0,0.0,0.0,0.0,0.008354163925799237,0.002565451914221813,0.0,0.0003946849098802789,0.0,0.0,0.037231943165372976,0.0,6.578081831337982e-05,0.0,0.08525194053414024,0.008156821470859098,0.0,0.0,0.0,0.0,0.0,0.0,0.008683068017366137,0.0,0.0,0.0,0.0,0.0,0.0041441915537429284,0.0,0.0,0.0009867122747006974,0.0,0.0032890409156689907,0.0,0.0,0.0,0.0,0.0,0.001776082094461255,0.0,6.578081831337982e-05,0.0,0.0,0.0,0.0,0.003223260097355611,0.0,0.0,0.0002631232732535193,0.0004604657281936587,0.0,0.0,0.0,0.0,0.0,0.004736218918563347,0.0,0.0,0.0,0.0,0.0010524930930140772,0.0,0.0,0.0,0.0,0.010524930930140772,0.0018418629127746348,0.0,0.0,0.002631232732535193,0.0,0.0024338902775950535,0.0002631232732535193,0.010524930930140772,0.0,0.0,0.0,0.0,0.0,0.0,0.0018418629127746348,0.0,0.0,0.0,0.0,0.0,0.0,0.0,0.0,0.0,0.0015129588212077357,0.0,0.0015129588212077357,0.0006578081831337982,0.0,0.0,0.00013156163662675965,0.0,0.0,6.578081831337982e-05,0.0,0.0,0.0005920273648204184,0.0,0.0,0.0,0.0,0.0005920273648204184,0.0,0.0,0.0,0.0,0.0,0.0,0.0003289040915668991,0.0,0.0,0.0,0.0,0.0,0.0,0.003881068280489409,0.0,0.0,0.00019734245494013944,0.0,0.0,0.0,0.00013156163662675965,6.578081831337982e-05,0.0,0.0008551506380739376,0.0,0.0,0.0,0.0,0.0,0.0,0.0,0.0,0.0,0.0,0.017234574398105513,0.0,0.0,0.0,0.0,0.0,0.0,0.32390474937508223,0.0,0.003946849098802789,0.0,0.0,0.0,6.578081831337982e-05,0.0,0.0,0.0,0.30923562689119855,0.0,0.06393895540060518,0.0,0.0,0.0,0.0,0.0,0.0,0.0
"X206738",0.0,0.0002263083451202263,0.00039603960396039607,0.0012446958981612447,0.003620933521923621,0.0,0.0,0.0,0.0013578500707213579,0.0,0.0,0.0,0.0,0.2875813295615276,0.0,0.0,0.0,0.0008486562942008486,0.0002263083451202263,0.0,0.0,0.0,0.0,0.0,0.0,0.0028854314002828853,0.0004526166902404526,0.020424328147100424,0.0020933521923620934,0.0,0.0,0.00016973125884016973,0.0,0.0009052333804809052,0.18268741159830268,0.016577086280056576,0.00016973125884016973,0.0,0.009052333804809052,0.012786421499292787,0.0,0.0013578500707213579,0.013521923620933522,0.00039603960396039607,0.007977369165487977,0.0,0.0013578500707213579,0.002772277227722772,0.02115983026874116,0.006676096181046676,0.0,0.00011315417256011315,0.0,0.0,0.0002828854314002829,0.0,0.0,0.0,0.018613861386138613,0.00033946251768033947,0.0,0.0075247524752475245,0.0,0.0,0.0,0.00016973125884016973,5.6577086280056576e-05,0.0,0.0033946251768033945,0.004243281471004243,0.0,0.0,0.0,0.0,0.0,0.0,0.0,0.0006223479490806223,0.0,0.0005657708628005657,0.0,0.0,0.0,0.0,0.0,0.0,0.00446958981612447,5.6577086280056576e-05,0.0,0.0,0.0,0.0,0.0,0.0,0.00033946251768033947,0.020594059405940595,0.0,0.0,0.001074964639321075,0.005657708628005658,0.0,0.0,0.0004526166902404526,0.0,0.0,0.0,0.0,0.0,0.0002828854314002829,0.0,0.0,0.009165487977369165,0.0,5.6577086280056576e-05,0.0,0.0,0.0002263083451202263,0.0,0.0,0.008826025459688826,0.0007920792079207921,0.0,0.007355021216407355,0.0,0.0034512022630834513,0.04011315417256011,0.015558698727015558,0.0,0.0,0.00628005657708628,0.0022065063649222066,0.0,0.001867043847241867,0.0,0.0,0.0015841584158415843,0.0,0.0,0.0,0.0,5.6577086280056576e-05,0.00033946251768033947,0.0,0.0006789250353606789,0.0,0.00011315417256011315,0.0,0.0736067892503536,0.0,0.0,0.00011315417256011315,0.0,0.0,0.0,0.010127298444130127,0.0,0.0,0.0,0.0,0.0,0.0,0.0,5.6577086280056576e-05,0.0,0.00011315417256011315,0.00039603960396039607,5.6577086280056576e-05,0.004186704384724187,0.0,0.0027157001414427158,0.0063932107496463934,0.0,0.0,0.0,0.0035077793493635077,0.0,0.0971994342291372,0.0,0.00033946251768033947,0.0,0.0,0.00011315417256011315,0.00011315417256011315,0.0,0.0019801980198019802,0.0,0.02297029702970297,0.0,0.0,0.0042998585572843,0.0,0.0052616690240452615,0.0,0.0
"X206740",0.00012193634922570419,0.0022558224606755274,0.0,0.00036580904767711256,0.012437507621021826,0.0,0.0,0.0,0.0,0.0,0.0,0.0,0.0,0.15876112669186684,0.0,0.0,0.01749786611388855,0.00018290452383855628,0.0,0.0,0.0,0.0,0.0,0.0,0.0,0.0,0.00408486769906109,0.02743567857578344,0.00036580904767711256,0.0,0.0,0.0,0.0,0.00042677722228996463,0.4198268503840995,0.01341299841482746,0.0,0.0012193634922570418,0.0007925862699670772,0.00042677722228996463,0.002133886111449823,0.001341299841482746,0.005731008413608097,0.0017680770637727107,0.02767955127423485,0.0,0.0005487135715156688,0.0014632361907084503,0.023777588099012315,0.004328740397512499,0.00493842214364102,0.0,0.0,0.0,0.0,0.0,0.0,0.0,0.007560053651993659,0.0,0.0,0.013047189367150347,0.0,0.0,6.0968174612852094e-05,0.0,0.0,0.00018290452383855628,0.0015242043653213022,0.02737471040117059,0.0,0.0,0.0,0.0,0.0,0.0,0.0,0.004633581270576759,0.0,0.0,0.0,0.0,0.0,0.0,0.0,0.0,0.0,0.0,0.0,0.0,0.013169125716376053,0.0,0.0,0.0009145226191927813,0.0006096817461285209,0.00042677722228996463,0.0,0.0,0.0,0.0006096817461285209,0.00036580904767711256,0.0,0.000670649920741373,0.0,0.0,0.00012193634922570419,0.0,0.0,0.0,0.0,0.0,0.0349957322277771,0.0,0.0,0.0,0.0,0.0,0.0,0.0,0.024570174368979392,6.0968174612852094e-05,0.0,0.013961711986343129,0.0,0.0,0.005121326667479576,0.0,0.0,0.0,0.0024387269845140835,0.004999390318253871,0.0,6.0968174612852094e-05,0.0012193634922570418,0.0,0.0,0.0,0.0,0.00042677722228996463,0.0,0.0,0.0,0.00030484087306426044,0.0008535544445799293,0.0,0.0,0.0,0.011035239604926228,0.0,0.0,0.0,0.0,0.0,0.0,0.015607852700890136,0.0,0.0,0.0,0.0,0.0,0.0,6.0968174612852094e-05,0.0,0.0,0.0,0.0018290452383855627,0.00018290452383855628,0.0,0.00036580904767711256,0.003962931349835386,0.007377149128155103,0.0005487135715156688,0.0,0.0,0.00018290452383855628,0.0,0.05157907572247287,6.0968174612852094e-05,0.0,0.0,0.0,0.0024387269845140835,6.0968174612852094e-05,0.0,0.0012193634922570418,0.0,0.008901353493476405,0.0,0.0,0.00030484087306426044,0.0,0.000670649920741373,0.0,0.0
"X206743",0.0003810814243976796,0.0002963966634204175,0.0026252275902951265,0.00025405428293178643,0.005292797561078884,0.00012702714146589321,0.00016936952195452428,8.468476097726214e-05,0.00021171190244315537,0.0,0.0,0.0,0.0,0.039336071473938264,0.0,0.0,0.0,0.0034720752000677478,0.0,0.0,0.0,0.00012702714146589321,0.0,0.0009315323707498836,0.0005081085658635729,0.0,0.0,0.01071262226362366,0.0002963966634204175,0.0009738747512385147,0.0,0.0,0.00012702714146589321,0.0010162171317271457,0.5529914891815217,0.005335139941567515,0.0,0.0010585595122157767,0.012872083668543845,0.00025405428293178643,0.0,0.013888300800270991,0.001143244273193039,0.0022018037854088157,0.04962526993267562,0.0,0.0008891899902612525,0.000592793326840835,0.04111445145446077,0.0005081085658635729,0.0015666680780793496,0.0,0.0003810814243976796,0.0,0.0,0.0,0.0,0.00016936952195452428,0.001143244273193039,0.0,8.468476097726214e-05,0.0,4.234238048863107e-05,0.0,0.0014819833171020875,0.0,0.0004657661853749418,0.0,0.0,0.0027945971122496508,0.0,0.0,0.0,8.468476097726214e-05,8.468476097726214e-05,0.0,0.0032603632976245926,0.00012702714146589321,0.0,0.0,0.0,0.0,0.0,0.0,0.0,0.00012702714146589321,8.468476097726214e-05,0.0,0.00021171190244315537,0.0,0.0,8.468476097726214e-05,0.0,0.0,0.0,0.008891899902612525,0.0,0.0,0.007833340390396747,0.0016513528390566118,0.0,0.0,0.0015243256975907185,0.0,8.468476097726214e-05,0.0,0.0,0.0,0.0,0.0,0.0,0.002582885209806495,0.0,0.0,0.0,0.0,0.0,0.0008468476097726215,0.0,0.010500910361180506,0.0,0.0,0.01028919845873735,0.00021171190244315537,0.0,0.004234238048863107,4.234238048863107e-05,0.0,8.468476097726214e-05,0.00012702714146589321,0.0008891899902612525,0.00033873904390904855,8.468476097726214e-05,0.0,0.00012702714146589321,0.0,0.0,0.0,0.0008468476097726215,0.0,0.0,0.0,0.0,0.0007198204683067282,0.0,4.234238048863107e-05,0.0008891899902612525,0.06512258119151458,0.000592793326840835,0.0,0.0,0.0,0.0,0.00012702714146589321,0.0027099123512723884,0.0003810814243976796,0.0,0.0,0.0005504509463522039,0.0006774780878180971,0.0,0.0,0.0,0.0005081085658635729,0.04327391285938095,0.0043189228098403695,0.00012702714146589321,0.0008468476097726215,0.0002963966634204175,0.0008468476097726215,0.0,0.0013972985561248254,8.468476097726214e-05,0.0008891899902612525,0.0003810814243976796,8.468476097726214e-05,0.05165770419612991,0.0,0.0,0.0,0.0,0.0,0.00025405428293178643,0.0,0.0013972985561248254,0.0,0.006647753736715078,0.00012702714146589321,0.0,0.0019054071219883981,0.0,8.468476097726214e-05,0.0,0.00025405428293178643
"X224323",0.00010112245929821013,5.056122964910506e-05,0.011022348063504904,0.0,0.00020224491859642025,0.0,0.0,0.0,5.056122964910506e-05,0.0,0.0,0.0,0.0,0.19440792800080897,0.0,0.0,0.04540398422489635,0.0009101021336838912,0.0,5.056122964910506e-05,0.0,0.0,0.0,0.0,0.0,0.0,0.0,0.0008595409040347862,0.00020224491859642025,0.0,0.0,0.0,0.0,0.0,0.47841035493983214,0.010921225604206695,0.0,0.0010617858226312064,0.0071796946101729195,5.056122964910506e-05,0.0,0.0,0.002426939023157043,0.0,5.056122964910506e-05,0.0,0.0004044898371928405,0.000758418444736576,0.01719081808069572,0.0034887248457882497,0.0,0.0,0.0001516836889473152,0.0,0.0,0.0,0.0,0.0,0.0011629082819294165,0.0,0.0,0.0,0.0,0.0,0.0,0.0,0.0007078572150874709,0.0,0.0,0.006067347557892608,0.0,0.0,0.0,5.056122964910506e-05,0.0006067347557892608,0.0,0.0,0.0,0.0,0.0,0.0,0.0,0.0,5.056122964910506e-05,0.0,0.0,0.016836889473151987,0.0,0.0,0.0,0.0,0.0,0.0,0.0,0.0004550510668419456,0.0,0.0,0.0,0.0004044898371928405,0.007230255839822024,0.0,0.0,0.0,0.0,0.0,0.0,0.0,0.0,0.0,0.0,0.0,0.00025280614824552534,0.0,0.0,0.0,0.0,0.0,0.0,0.0,0.006926888461927394,0.0,0.0,0.0,0.0,5.056122964910506e-05,0.00379209222368288,0.0,5.056122964910506e-05,0.0,0.0005561735261401557,0.000758418444736576,5.056122964910506e-05,0.0006572959854383659,0.0,0.0,0.0,0.0,0.00010112245929821013,0.0,0.0,0.0,0.0,0.0,0.0,0.0,0.0,5.056122964910506e-05,0.0004550510668419456,0.0,0.0,0.0,0.0,0.0,0.0,0.006370714935787238,0.0,0.0,0.0,0.0,0.0,0.0007078572150874709,0.0,0.0,0.0,5.056122964910506e-05,0.0,0.00025280614824552534,0.00010112245929821013,0.0,0.00010112245929821013,0.0017190818080695723,0.0,0.0,0.0,0.0004550510668419456,0.0,0.10152694913540297,0.0,0.0,0.0004550510668419456,0.0,0.0,0.0,0.00020224491859642025,0.05410051572454242,0.0,0.011325715441399535,0.0,0.0,0.0,0.0,0.0,0.0,0.0
"X219652",0.0,0.04639477022148502,0.0,0.0008781344521416723,0.0029759000878134454,0.0,0.00014635574202361205,0.0,0.0003414967313884281,0.0,4.878524734120402e-05,0.0,0.00039028197872963214,0.25329300419553125,0.00019514098936481607,0.0,0.006732364133086155,0.0006829934627768562,0.0,9.757049468240804e-05,0.0003414967313884281,0.0,0.002927114840472241,0.0,0.00014635574202361205,0.0,0.00014635574202361205,0.010244901941652845,4.878524734120402e-05,0.0,0.0,0.0,0.0,0.00039028197872963214,0.08766708947214362,0.050883012976875794,0.0,0.0013659869255537125,0.0009269196994828764,0.0005854229680944482,0.0,0.009805834715582008,0.0009757049468240804,0.002244121377695385,0.11513318372524149,0.0,4.878524734120402e-05,0.0642989559957069,0.03092984681432335,0.002927114840472241,0.0017074836569421408,0.0,0.0,4.878524734120402e-05,4.878524734120402e-05,0.0,0.0,0.00522002146550883,0.0011220606888476925,4.878524734120402e-05,0.0,0.00800078056395746,0.0,0.0,0.0005366377207532443,0.0,0.0006342082154356522,0.0,0.0002927114840472241,0.004927309981461606,4.878524734120402e-05,0.0,0.0,0.0,0.0,0.010635183920382476,0.0,0.0029759000878134454,0.00014635574202361205,0.0,0.0,0.0,0.0,0.0,0.0,0.0,0.0,0.0,0.00014635574202361205,4.878524734120402e-05,0.0002439262367060201,0.0,0.0,0.0,0.00014635574202361205,0.002683188603766221,0.0,0.0,0.0,0.003951605034637526,0.0,0.0,0.0097082642208996,0.0,0.0,0.0,0.0,0.0,0.0,0.0,0.0,0.009025270758122744,0.0,0.0,0.0003414967313884281,0.0,0.0,0.0,0.0,0.023124207239730705,4.878524734120402e-05,0.0,0.04639477022148502,0.0,9.757049468240804e-05,0.0014635574202361205,0.0,0.0,0.0,0.0035125378085666893,0.0740072202166065,0.0,9.757049468240804e-05,0.0,0.0,0.0,0.0,0.0,0.0002927114840472241,0.0,4.878524734120402e-05,0.0,0.0,0.0017074836569421408,0.0,0.0,0.0,0.0006342082154356522,0.0,0.0,0.0,0.0,0.0,0.0,0.01468435944970241,0.0,0.0,0.0,0.0,0.0,0.0,0.0,0.0,0.0,0.0013172016782125086,0.004878524734120402,0.0,0.0,0.0,9.757049468240804e-05,0.004390672260708362,0.0013659869255537125,0.0,0.0,0.00019514098936481607,0.0,0.038930627378280805,0.0,0.0,0.0,0.0,0.00014635574202361205,9.757049468240804e-05,0.0,0.00014635574202361205,0.0,0.020441018635964484,0.0,0.0,0.0031710410771782615,0.0,0.0018050541516245488,0.0,0.0
"X219655",0.0,0.0035757429330756222,0.0017395506160908431,0.0,0.003865668035757429,0.0,0.0,0.0,4.8320850446967865e-05,0.0,0.0,0.0,0.0,0.4919062575501329,0.0,4.8320850446967865e-05,0.0160908431988403,0.0020294757187726505,0.0,0.0,0.0,0.0,0.0,9.664170089393573e-05,0.0,0.0,0.002174438270113554,0.010823870500120802,4.8320850446967865e-05,0.0,0.0,0.0,0.0,4.8320850446967865e-05,0.12718047837641944,0.012998308770234356,4.8320850446967865e-05,0.0015945880647499396,0.0008697753080454216,0.001111379560280261,0.0037690263348634937,0.0001449625513409036,0.0012563421116211645,0.0,0.001497946363856004,0.0,0.0011597004107272288,0.0005315293549166465,0.0012563421116211645,0.0023194008214544575,0.00048320850446967865,9.664170089393573e-05,0.0,0.0,0.0,0.0,0.0,0.0,0.008987678183136023,0.0,0.0,0.0,0.0002899251026818072,0.0,0.0,0.0,0.00024160425223483932,0.0,0.0,0.01628412660062817,0.0,0.0,4.8320850446967865e-05,4.8320850446967865e-05,4.8320850446967865e-05,0.0,0.0,9.664170089393573e-05,0.0,0.0,0.0,0.0,0.0,0.0,0.0,0.0,0.0002899251026818072,0.0,4.8320850446967865e-05,0.0,0.0,0.0,0.0,0.0,0.0009664170089393573,0.0,0.00024160425223483932,0.0,0.0,0.007441410968833052,0.0,0.0,0.0,0.0,0.0,0.0,0.0,0.0,0.0,0.0,4.8320850446967865e-05,0.0001449625513409036,0.0012080212611741967,0.0,0.0,0.0,0.0,0.0,0.0,0.00430055568978014,0.0,4.8320850446967865e-05,0.0,0.0,9.664170089393573e-05,0.02628654264315052,0.0,0.0,0.0,0.030055568978014015,0.1406136748006765,0.0,0.0025610050736892967,0.0,0.0,0.0001449625513409036,0.0,0.0,0.0,0.0,0.0,0.0,0.0,0.0,0.0,4.8320850446967865e-05,0.0,0.0005798502053636144,0.0,0.0,0.0,0.0,0.0023677216719014253,0.0,0.006185068857211887,0.0,0.0,0.0,0.0,0.0,0.0,0.0,0.0,0.0,0.0012563421116211645,0.0004348876540227108,0.0,0.0,4.8320850446967865e-05,0.0001449625513409036,0.0007731336071514858,0.0,0.0,0.0,0.0035274220826286545,0.0,0.009422565837158734,0.0,0.0,0.0,4.8320850446967865e-05,0.0,9.664170089393573e-05,0.0,4.8320850446967865e-05,0.0,0.036868808891036484,0.0,0.0,0.00019328340178787146,0.0,0.00860111137956028,0.0,0.0
"X219657",0.0,0.0,0.0004999722237653463,0.0,0.003222043219821121,0.0,0.0,0.0,0.0,0.0,0.00027776234653630353,0.0,0.0,5.555246930726071e-05,0.0,5.555246930726071e-05,0.0,0.031831564913060384,0.0,0.0,0.0,0.0,0.0,0.0,0.0,0.0,0.0,0.07594022554302539,0.0,0.0,0.0,0.0,0.0,0.0,5.555246930726071e-05,0.0,0.0,0.0005555246930726071,0.00033331481584356423,0.0012221543247597356,0.0,0.0048330648297316816,0.0,0.0,0.0,0.0,0.0,0.0008888395089161713,0.03316482417643464,0.0,0.0,0.0,0.00016665740792178211,0.0,0.00022220987722904284,0.0,0.0,0.0,0.0006666296316871285,0.0,0.0,0.0,0.11260485528581746,0.0,0.0,0.0,0.0,0.0,0.0,0.0,0.0,5.555246930726071e-05,0.0,0.0,0.00011110493861452142,0.0,0.0,0.0,0.0,0.0,0.0,0.0,0.0,0.0,0.0,0.00011110493861452142,0.0,0.0,0.0,0.0,0.05955224709738348,0.0,0.0,0.0,0.02594300316649075,0.0,0.0,0.0,0.0008888395089161713,0.0,0.0,0.00022220987722904284,0.0,0.01644353091494917,0.0,0.0,0.0017776790178323427,0.0,0.0,0.0,0.0,0.0,0.0,0.0,0.0,0.0,0.0,0.0,0.0,0.03755346925170824,0.0,0.0,0.0,0.0,0.00011110493861452142,0.03533137047941781,0.0,0.0,0.0,0.003777567912893728,0.07021832120437753,0.0,0.005721904338647853,0.0,0.0,0.003610910504971946,0.00011110493861452142,0.0,0.0,0.0,0.0,0.0,0.0,0.0,0.002888728403977557,0.0,0.0,0.0,0.0,0.0,0.0,0.0,0.0,0.0,0.0,0.0,0.0,0.0,0.0,0.0,0.0,0.0,0.0,0.0,0.0,0.02183212043775346,0.0,0.00022220987722904284,0.0014999166712960392,0.0,0.0,0.0,0.0,0.0,0.00022220987722904284,0.0,5.555246930726071e-05,0.0,0.0,0.0,0.0,0.0,0.001722126548525082,0.0,0.10177212377090161,0.0,0.3394811399366702,0.0,0.0016110216099105604,0.0,0.0,0.0,0.0005555246930726071,0.0
